﻿Designator,Quantity,Value,Footprint,Package,MPN,DNP,Mount_Type,Description,Sim.Device,Sim.Pins,PARTREV,STANDARD,MAXIMUM_PACKAGE_HEIGHT,MANUFACTURER
"C1, C2, C3",3,100n,C_0603_1608Metric,,,,smt,"Unpolarized capacitor, small symbol",,,,,,
"C10, C7, C8, C9",4,10u,C_0603_1608Metric,,,,smt,"Unpolarized capacitor, small symbol",,,,,,
C4,1,1u,C_0603_1608Metric,,,,smt,"Unpolarized capacitor, small symbol",,,,,,
"C5, C6",2,12p,C_0603_1608Metric,,,,smt,"Unpolarized capacitor, small symbol",,,,,,
"D1, D2, D3, D4, D5, D6, D7, D8, D9",9,1N4148,D_SOD-123,,,,smt,"Small signal diode, Vf ≈ 0.7V, 100V reverse voltage, 300mA forward current ",D,1=K 2=A,,,,
"D10, D11, D12, D13",4,WS2812B,LED_WS2812B_PLCC4_5.0x5.0mm_P3.2mm,,,,smt,RGB LED with integrated controller,,,,,,
D14,1,LED,LED_0805_2012Metric,,,,smt,Green Light emitting diode,,,,,,
D15,1,TX_LED,LED_1206_3216Metric,,,,smt,Yellow Light emitting diode,,,,,,
D16,1,RX_LED,LED_1206_3216Metric,,,,smt,Red Light emitting diode,,,,,,
J2,1,AVR-ISP-6,IDC-Header_2x03_P2.54mm_Vertical,,,,tht,Atmel 6-pin ISP connector,,,,,,
R1,1,10k,R_1206_3216Metric,,,,smt,"Resistor, small symbol",,,,,,
"R1-C1, R1-C2, R1-C3, R2-C1, R2-C2, R2-C3, R3-C1, R3-C2, R3-C3",9,SW_Push,SW_Hotswap_Kailh_MX_1.00u,,,,smt,"Push button switch, generic, two pins",,,,,,
"R2, R3",2,22,R_0603_1608Metric,,,,smt,"Resistor, small symbol",,,,,,
"R4, R5",2,5k1,R_0603_1608Metric,,,,smt,"Resistor, small symbol",,,,,,
R6,1,10k,R_0603_1608Metric,,,,smt,"Resistor, small symbol",,,,,,
R7,1,1k,R_0805_2012Metric,,,,smt,"Resistor, small symbol",,,,,,
"R8, R9",2,1k,R_1206_3216Metric,,,,smt,"Resistor, small symbol",,,,,,
SW1,1,SW_Push,SW_PUSH_6mm,,,,tht,"Push button switch, generic, two pins",,,,,,
SW2,1,RotaryEncoder,PEC12R-4XXXF-NXXXX_BRN,,,,tht,"Rotary encoder, dual channel, incremental quadrate outputs",,,,,,
U1,1,ATmega32U4-A,TQFP-44_10x10mm_P0.8mm,,,,smt,"16MHz, 32kB Flash, 2.5kB SRAM, 1kB EEPROM, USB 2.0, TQFP-44",,,,,,
U2,1,USB6B1,SOIC-8_3.9x4.9mm_P1.27mm,,,,smt,5V Data line protection,,,,,,
USB-C1,1,2171790001,MOLEX_2171790001,,,,smt,,,,A1,Manufacturer Recommendations,3.16 mm,Molex
Y1,1,16MHz,Crystal_SMD_0603-4Pin_6.0x3.5mm,,,,smt,"Four pin crystal, GND on pins 2 and 4, small symbol",,,,,,
