﻿pos_x,pos_y,rotation,side,designator,mpn,pack,footprint,value,mount_type
143.51,-65.97,0.0,top,C1,C0603C104K5RACTU,,C_0603_1608Metric,100n,smt
167.35,-77.67,90.0,top,C10,C0603C106M8PACTU,,C_0603_1608Metric,10u,smt
116.55,-71.3,90.0,top,C11,C0603C103K5RACTU,,C_0603_1608Metric,0.01u,smt
110.5,-72.475,-90.0,top,C12,C0603C103K5RACTU,,C_0603_1608Metric,0.01u,smt
136.09,-59.33,90.0,top,C2,C0603C104K5RACTU,,C_0603_1608Metric,100n,smt
125.34,-63.88,90.0,top,C3,C0603C104K5RACTU,,C_0603_1608Metric,100n,smt
142.45,-67.67,0.0,top,C4,CL10A105KB8NNNC,,C_0603_1608Metric,1u,smt
131.83,-52.5,0.0,top,C5,CL10C120JB8NNNC,,C_0603_1608Metric,12p,smt
135.79,-55.54,-90.0,top,C6,CL10C120JB8NNNC,,C_0603_1608Metric,12p,smt
93.28,-77.005,-90.0,top,C7,C0603C106M8PACTU,,C_0603_1608Metric,10u,smt
93.77,-142.725,90.0,top,C8,C0603C106M8PACTU,,C_0603_1608Metric,10u,smt
167.18,-139.27,-90.0,top,C9,C0603C106M8PACTU,,C_0603_1608Metric,10u,smt
101.65,-99.5,90.0,top,D1,1N4148W-13-F,,D_SOD-123,1N4148,smt
97.94,-77.97,0.0,top,D10,COM-16347,,LED_WS2812B_PLCC4_5.0x5.0mm_P3.2mm,WS2812B,smt
98.3725,-140.8,90.0,top,D11,COM-16347,,LED_WS2812B_PLCC4_5.0x5.0mm_P3.2mm,WS2812B,smt
162.35,-140.8,-90.0,top,D12,COM-16347,,LED_WS2812B_PLCC4_5.0x5.0mm_P3.2mm,WS2812B,smt
162.35,-78.0,180.0,top,D13,COM-16347,,LED_WS2812B_PLCC4_5.0x5.0mm_P3.2mm,WS2812B,smt
168.575,-60.75,90.0,top,D14,LG R971-KN-1-0-20-R18 ,,LED_0805_2012Metric,LED,smt
124.24,-57.76,-90.0,top,D15,LTST-C150YKT,,LED_1206_3216Metric,TX_LED,smt
149.58,-62.465,-90.0,top,D16,LTST-C150KRKT ,,LED_1206_3216Metric,RX_LED,smt
120.75,-99.5,90.0,top,D2,1N4148W-13-F,,D_SOD-123,1N4148,smt
139.75,-99.5,90.0,top,D3,1N4148W-13-F,,D_SOD-123,1N4148,smt
101.65,-118.6,90.0,top,D4,1N4148W-13-F,,D_SOD-123,1N4148,smt
120.75,-118.6,90.0,top,D5,1N4148W-13-F ,,D_SOD-123,1N4148,smt
139.75,-118.6,90.0,top,D6,1N4148W-13-F,,D_SOD-123,1N4148,smt
101.45,-134.2,90.0,top,D7,,,D_SOD-123,1N4148,smt
120.74,-134.2,90.0,top,D8,,,D_SOD-123,1N4148,smt
139.74,-134.2,90.0,top,D9,,,D_SOD-123,1N4148,smt
156.01,-54.145,0.0,top,J2,61200621621,,IDC-Header_2x03_P2.54mm_Vertical,AVR-ISP-6,tht
140.7,-55.41,-90.0,top,R1,RC1206FR-0710KL,,R_1206_3216Metric,10k,smt
111.1925,-90.35,0.0,top,R1-C1,PG151101S11,,SW_Hotswap_Kailh_MX_1.00u,SW_Push,smt
130.2425,-90.35,0.0,top,R1-C2,PG151101S11,,SW_Hotswap_Kailh_MX_1.00u,SW_Push,smt
149.2925,-90.35,0.0,top,R1-C3,PG151101S11,,SW_Hotswap_Kailh_MX_1.00u,SW_Push,smt
113.8,-70.525,0.0,top,R10,RC0603FR-0710KL,,R_0603_1608Metric,10k,smt
108.05,-72.425,90.0,top,R11,RC0603FR-0710KL,,R_0603_1608Metric,10k,smt
147.85,-70.68,180.0,top,R2,RC0603FR-0722RL,,R_0603_1608Metric,22,smt
111.1925,-109.4,0.0,top,R2-C1,PG151101S11,,SW_Hotswap_Kailh_MX_1.00u,SW_Push,smt
130.2425,-109.4,0.0,top,R2-C2,PG151101S11,,SW_Hotswap_Kailh_MX_1.00u,SW_Push,smt
149.2925,-109.4,0.0,top,R2-C3,PG151101S11,,SW_Hotswap_Kailh_MX_1.00u,SW_Push,smt
147.85,-69.12,180.0,top,R3,RC0603FR-0722RL,,R_0603_1608Metric,22,smt
111.1925,-128.45,0.0,top,R3-C1,PG151101S11,,SW_Hotswap_Kailh_MX_1.00u,SW_Push,smt
130.2425,-128.45,0.0,top,R3-C2,PG151101S11,,SW_Hotswap_Kailh_MX_1.00u,SW_Push,smt
149.2925,-128.45,0.0,top,R3-C3,PG151101S11,,SW_Hotswap_Kailh_MX_1.00u,SW_Push,smt
161.275,-67.7,90.0,top,R4,CR0603-FX-5101ELF,,R_0603_1608Metric,5k1,smt
161.275,-72.225,90.0,top,R5,CR0603-FX-5101ELF,,R_0603_1608Metric,5k1,smt
125.34,-72.72,-90.0,top,R6,RC0603FR-0710KL,,R_0603_1608Metric,10k,smt
165.925,-60.79,90.0,top,R7,CRGCQ0805F220R,,R_0805_2012Metric,220,smt
127.51,-57.8275,90.0,top,R8,CRG1206F220R,,R_1206_3216Metric,220,smt
146.35,-62.525,90.0,top,R9,CRG1206F220R,,R_1206_3216Metric,220,smt
143.98,-51.82,0.0,top,SW1,SKHHAKA010,,SW_PUSH_6mm,SW_Push,tht
108.008851,-68.41385,0.0,top,SW2,PEC12R-4225F-N0024,,PEC12R-4XXXF-NXXXX_BRN,RotaryEncoder,tht
133.76,-68.01,180.0,top,U1,ATmega32U4-A,,TQFP-44_10x10mm_P0.8mm,ATmega32U4-A,smt
155.0,-69.91,180.0,top,U2,USB6B1,,SOIC-8_3.9x4.9mm_P1.27mm,USB6B1,smt
167.575,-69.575,90.0,top,USB-C1,2171790001,,MOLEX_2171790001,2171790001,smt
132.39,-57.09,90.0,top,Y1,ECS-160-20-33-TR,,Crystal_SMD_0603-4Pin_6.0x3.5mm,16MHz,smt
