﻿Designator,Quantity,Value,Footprint,Package,MPN,DNP,Mount_Type,Description,Sim.Device,Sim.Pins,PARTREV,STANDARD,MAXIMUM_PACKAGE_HEIGHT,MANUFACTURER
"C1, C2, C3",3,100n,C_0603_1608Metric,,C0603C104K5RACTU,,smt,"Unpolarized capacitor, small symbol",,,,,,
"C10, C7, C8, C9",4,10u,C_0603_1608Metric,,C0603C106M8PACTU,,smt,"Unpolarized capacitor, small symbol",,,,,,
"C11, C12",2,0.01u,C_0603_1608Metric,,C0603C103K5RACTU,,smt,"Unpolarized capacitor, small symbol",,,,,,
C4,1,1u,C_0603_1608Metric,,CL10A105KB8NNNC,,smt,"Unpolarized capacitor, small symbol",,,,,,
"C5, C6",2,12p,C_0603_1608Metric,,CL10C120JB8NNNC,,smt,"Unpolarized capacitor, small symbol",,,,,,
"D1, D2, D3, D4, D6",5,1N4148,D_SOD-123,,1N4148W-13-F,,smt,"Small signal diode, Vf ≈ 0.7V, 100V reverse voltage, 300mA forward current ",D,1=K 2=A,,,,
"D10, D11, D12, D13",4,WS2812B,LED_WS2812B_PLCC4_5.0x5.0mm_P3.2mm,,COM-16347,,smt,RGB LED with integrated controller,,,,,,
D14,1,LED,LED_0805_2012Metric,,LG R971-KN-1-0-20-R18 ,,smt,Green Light emitting diode,,,,,,
D15,1,TX_LED,LED_1206_3216Metric,,LTST-C150YKT,,smt,Yellow Light emitting diode,,,,,,
D16,1,RX_LED,LED_1206_3216Metric,,LTST-C150KRKT ,,smt,Red Light emitting diode,,,,,,
D5,1,1N4148,D_SOD-123,,1N4148W-13-F ,,smt,"Small signal diode, Vf ≈ 0.7V, 100V reverse voltage, 300mA forward current ",D,1=K 2=A,,,,
"D7, D8, D9",3,1N4148,D_SOD-123,,,,smt,"Small signal diode, Vf ≈ 0.7V, 100V reverse voltage, 300mA forward current ",D,1=K 2=A,,,,
J2,1,AVR-ISP-6,IDC-Header_2x03_P2.54mm_Vertical,,61200621621,,tht,Atmel 6-pin ISP connector,,,,,,
R1,1,10k,R_1206_3216Metric,,RC1206FR-0710KL,,smt,"Resistor, small symbol",,,,,,
"R1-C1, R1-C2, R1-C3, R2-C1, R2-C2, R2-C3, R3-C1, R3-C2, R3-C3",9,SW_Push,SW_Hotswap_Kailh_MX_1.00u,,PG151101S11,,smt,"Push button switch, generic, two pins",,,,,,
"R10, R11, R6",3,10k,R_0603_1608Metric,,RC0603FR-0710KL,,smt,"Resistor, small symbol",,,,,,
"R2, R3",2,22,R_0603_1608Metric,,RC0603FR-0722RL,,smt,"Resistor, small symbol",,,,,,
"R4, R5",2,5k1,R_0603_1608Metric,,CR0603-FX-5101ELF,,smt,"Resistor, small symbol",,,,,,
R7,1,220,R_0805_2012Metric,,CRGCQ0805F220R,,smt,"Resistor, small symbol",,,,,,
"R8, R9",2,220,R_1206_3216Metric,,CRG1206F220R,,smt,"Resistor, small symbol",,,,,,
SW1,1,SW_Push,SW_PUSH_6mm,,SKHHAKA010,,tht,"Push button switch, generic, two pins",,,,,,
SW2,1,RotaryEncoder,PEC12R-4XXXF-NXXXX_BRN,,PEC12R-4225F-N0024,,tht,"Rotary encoder, dual channel, incremental quadrate outputs",,,,,,
U1,1,ATmega32U4-A,TQFP-44_10x10mm_P0.8mm,,ATmega32U4-A,,smt,"16MHz, 32kB Flash, 2.5kB SRAM, 1kB EEPROM, USB 2.0, TQFP-44",,,,,,
U2,1,USB6B1,SOIC-8_3.9x4.9mm_P1.27mm,,USB6B1,,smt,5V Data line protection,,,,,,
USB-C1,1,2171790001,MOLEX_2171790001,,2171790001,,smt,,,,A1,Manufacturer Recommendations,3.16 mm,Molex
Y1,1,16MHz,Crystal_SMD_0603-4Pin_6.0x3.5mm,,ECS-160-20-33-TR,,smt,"Four pin crystal, GND on pins 2 and 4, small symbol",,,,,,
