﻿pos_x,pos_y,rotation,side,designator,mpn,pack,footprint,value,mount_type
143.51,-65.97,0.0,top,C1,,,C_0603_1608Metric,100n,smt
167.35,-77.67,90.0,top,C10,,,C_0603_1608Metric,10u,smt
136.09,-59.33,90.0,top,C2,,,C_0603_1608Metric,100n,smt
125.34,-63.88,90.0,top,C3,,,C_0603_1608Metric,100n,smt
142.45,-67.67,0.0,top,C4,,,C_0603_1608Metric,1u,smt
131.83,-52.5,0.0,top,C5,,,C_0603_1608Metric,12p,smt
135.79,-55.54,-90.0,top,C6,,,C_0603_1608Metric,12p,smt
93.28,-77.005,-90.0,top,C7,,,C_0603_1608Metric,10u,smt
93.77,-142.725,90.0,top,C8,,,C_0603_1608Metric,10u,smt
167.18,-139.27,-90.0,top,C9,,,C_0603_1608Metric,10u,smt
101.65,-99.5,90.0,top,D1,,,D_SOD-123,1N4148,smt
97.94,-77.97,0.0,top,D10,,,LED_WS2812B_PLCC4_5.0x5.0mm_P3.2mm,WS2812B,smt
98.3725,-140.8,90.0,top,D11,,,LED_WS2812B_PLCC4_5.0x5.0mm_P3.2mm,WS2812B,smt
162.35,-140.8,-90.0,top,D12,,,LED_WS2812B_PLCC4_5.0x5.0mm_P3.2mm,WS2812B,smt
162.35,-78.0,180.0,top,D13,,,LED_WS2812B_PLCC4_5.0x5.0mm_P3.2mm,WS2812B,smt
168.575,-60.75,90.0,top,D14,,,LED_0805_2012Metric,LED,smt
124.24,-57.76,-90.0,top,D15,,,LED_1206_3216Metric,TX_LED,smt
149.58,-62.465,-90.0,top,D16,,,LED_1206_3216Metric,RX_LED,smt
120.75,-99.5,90.0,top,D2,,,D_SOD-123,1N4148,smt
139.75,-99.5,90.0,top,D3,,,D_SOD-123,1N4148,smt
101.65,-118.6,90.0,top,D4,,,D_SOD-123,1N4148,smt
120.75,-118.6,90.0,top,D5,,,D_SOD-123,1N4148,smt
139.75,-118.6,90.0,top,D6,,,D_SOD-123,1N4148,smt
101.45,-134.2,90.0,top,D7,,,D_SOD-123,1N4148,smt
120.74,-134.2,90.0,top,D8,,,D_SOD-123,1N4148,smt
139.74,-134.2,90.0,top,D9,,,D_SOD-123,1N4148,smt
156.01,-54.145,0.0,top,J2,,,IDC-Header_2x03_P2.54mm_Vertical,AVR-ISP-6,tht
140.7,-55.41,-90.0,top,R1,,,R_1206_3216Metric,10k,smt
111.1925,-90.35,0.0,top,R1-C1,,,SW_Hotswap_Kailh_MX_1.00u,SW_Push,smt
130.2425,-90.35,0.0,top,R1-C2,,,SW_Hotswap_Kailh_MX_1.00u,SW_Push,smt
149.2925,-90.35,0.0,top,R1-C3,,,SW_Hotswap_Kailh_MX_1.00u,SW_Push,smt
147.85,-70.68,180.0,top,R2,,,R_0603_1608Metric,22,smt
111.1925,-109.4,0.0,top,R2-C1,,,SW_Hotswap_Kailh_MX_1.00u,SW_Push,smt
130.2425,-109.4,0.0,top,R2-C2,,,SW_Hotswap_Kailh_MX_1.00u,SW_Push,smt
149.2925,-109.4,0.0,top,R2-C3,,,SW_Hotswap_Kailh_MX_1.00u,SW_Push,smt
147.85,-69.12,180.0,top,R3,,,R_0603_1608Metric,22,smt
111.1925,-128.45,0.0,top,R3-C1,,,SW_Hotswap_Kailh_MX_1.00u,SW_Push,smt
130.2425,-128.45,0.0,top,R3-C2,,,SW_Hotswap_Kailh_MX_1.00u,SW_Push,smt
149.2925,-128.45,0.0,top,R3-C3,,,SW_Hotswap_Kailh_MX_1.00u,SW_Push,smt
161.275,-67.7,90.0,top,R4,,,R_0603_1608Metric,5k1,smt
161.275,-72.225,90.0,top,R5,,,R_0603_1608Metric,5k1,smt
125.34,-72.72,-90.0,top,R6,,,R_0603_1608Metric,10k,smt
165.925,-60.79,90.0,top,R7,,,R_0805_2012Metric,1k,smt
127.51,-57.8275,90.0,top,R8,,,R_1206_3216Metric,1k,smt
146.35,-62.525,90.0,top,R9,,,R_1206_3216Metric,1k,smt
143.98,-51.82,0.0,top,SW1,,,SW_PUSH_6mm,SW_Push,tht
108.008851,-68.41385,0.0,top,SW2,,,PEC12R-4XXXF-NXXXX_BRN,RotaryEncoder,tht
133.76,-68.01,180.0,top,U1,,,TQFP-44_10x10mm_P0.8mm,ATmega32U4-A,smt
155.0,-69.91,180.0,top,U2,,,SOIC-8_3.9x4.9mm_P1.27mm,USB6B1,smt
167.575,-69.575,90.0,top,USB-C1,,,MOLEX_2171790001,2171790001,smt
132.39,-57.09,90.0,top,Y1,,,Crystal_SMD_0603-4Pin_6.0x3.5mm,16MHz,smt
